notebook,cell,image,mime
v3_advanced,14,D:\Code\DA\1\step8_outputs\from_kaggle_notebooks\figures\v3_advanced_cell14_img01.png,image/png
v3_advanced,14,D:\Code\DA\1\step8_outputs\from_kaggle_notebooks\figures\v3_advanced_cell14_img02.png,image/png
v3_advanced,14,D:\Code\DA\1\step8_outputs\from_kaggle_notebooks\figures\v3_advanced_cell14_img03.png,image/png
v3_advanced,14,D:\Code\DA\1\step8_outputs\from_kaggle_notebooks\figures\v3_advanced_cell14_img04.png,image/png
v3_advanced,14,D:\Code\DA\1\step8_outputs\from_kaggle_notebooks\figures\v3_advanced_cell14_img05.png,image/png
v3_advanced,15,D:\Code\DA\1\step8_outputs\from_kaggle_notebooks\figures\v3_advanced_cell15_img06.png,image/png
v3_advanced,15,D:\Code\DA\1\step8_outputs\from_kaggle_notebooks\figures\v3_advanced_cell15_img07.png,image/png
v3_advanced,15,D:\Code\DA\1\step8_outputs\from_kaggle_notebooks\figures\v3_advanced_cell15_img08.png,image/png
v3_advanced,15,D:\Code\DA\1\step8_outputs\from_kaggle_notebooks\figures\v3_advanced_cell15_img09.png,image/png
v3_advanced,15,D:\Code\DA\1\step8_outputs\from_kaggle_notebooks\figures\v3_advanced_cell15_img10.png,image/png
raw_benchmark,11,D:\Code\DA\1\step8_outputs\from_kaggle_notebooks\figures\raw_benchmark_cell11_img01.png,image/png
raw_benchmark,13,D:\Code\DA\1\step8_outputs\from_kaggle_notebooks\figures\raw_benchmark_cell13_img02.png,image/png
raw_benchmark,15,D:\Code\DA\1\step8_outputs\from_kaggle_notebooks\figures\raw_benchmark_cell15_img03.png,image/png
raw_benchmark,15,D:\Code\DA\1\step8_outputs\from_kaggle_notebooks\figures\raw_benchmark_cell15_img04.png,image/png
raw_benchmark,15,D:\Code\DA\1\step8_outputs\from_kaggle_notebooks\figures\raw_benchmark_cell15_img05.png,image/png
raw_benchmark,15,D:\Code\DA\1\step8_outputs\from_kaggle_notebooks\figures\raw_benchmark_cell15_img06.png,image/png
raw_benchmark,15,D:\Code\DA\1\step8_outputs\from_kaggle_notebooks\figures\raw_benchmark_cell15_img07.png,image/png
raw_benchmark,15,D:\Code\DA\1\step8_outputs\from_kaggle_notebooks\figures\raw_benchmark_cell15_img08.png,image/png
raw_benchmark,15,D:\Code\DA\1\step8_outputs\from_kaggle_notebooks\figures\raw_benchmark_cell15_img09.png,image/png
